Date,Time,Latitude,N/S Indicator,Longitude,E/W Indicator,Speed (km/h),Number of Satellites in View,Number of Active Satellites,Active Satellite IDs,Average SNR
2024-09-13,14:00:35,49.18748074999999886,N,-122.84616011666666680,W,0.02,30,29,GP2; GP3; GP4; GP19; GP21; GP25; GP26; GP28; GP31; GP32; GL70; GL71; GL72; GL73; GL74; GL80; GL86; GL87; GL88; GA10; GA11; GA27; GA29; GA30; GA33; GB14; GB24; GB41; GB42,38.79 dB
2024-09-13,14:00:36,49.18748058333333262,N,-122.84616015000000289,W,0.00,30,29,GP2; GP3; GP4; GP19; GP21; GP25; GP26; GP28; GP31; GP32; GL70; GL71; GL72; GL73; GL74; GL80; GL86; GL87; GL88; GA10; GA11; GA27; GA29; GA30; GA33; GB14; GB24; GB41; GB42,38.38 dB
2024-09-13,14:00:37,49.18748073333333082,N,-122.84616011666666680,W,0.01,30,29,GP2; GP3; GP4; GP19; GP21; GP25; GP26; GP28; GP31; GP32; GL70; GL71; GL72; GL73; GL74; GL80; GL86; GL87; GL88; GA10; GA11; GA27; GA29; GA30; GA33; GB14; GB24; GB41; GB42,38.17 dB
2024-09-13,14:00:38,49.18748064999999769,N,-122.84616011666666680,W,0.01,30,29,GP2; GP3; GP4; GP19; GP21; GP25; GP26; GP28; GP31; GP32; GL70; GL71; GL72; GL73; GL74; GL80; GL86; GL87; GL88; GA10; GA11; GA27; GA29; GA30; GA33; GB14; GB24; GB41; GB42,37.79 dB
2024-09-13,14:00:39,49.18748018333333505,N,-122.84616019999999992,W,0.96,31,30,GP2; GP3; GP4; GP19; GP21; GP25; GP26; GP28; GP31; GP32; GL70; GL71; GL72; GL73; GL74; GL80; GL86; GL87; GL88; GA10; GA11; GA27; GA29; GA30; GA33; GB14; GB24; GB40; GB41; GB42,37.37 dB
2024-09-13,14:00:40,49.18747541666666478,N,-122.84616160000000207,W,2.84,31,30,GP2; GP3; GP4; GP19; GP21; GP25; GP26; GP28; GP31; GP32; GL70; GL71; GL72; GL73; GL74; GL80; GL86; GL87; GL88; GA10; GA11; GA27; GA29; GA30; GA33; GB14; GB24; GB40; GB41; GB42,37.53 dB
2024-09-13,14:00:41,49.18746821666666591,N,-122.84616373333332717,W,2.62,31,30,GP2; GP3; GP4; GP19; GP21; GP25; GP26; GP28; GP31; GP32; GL70; GL71; GL72; GL73; GL74; GL80; GL86; GL87; GL88; GA10; GA11; GA27; GA29; GA30; GA33; GB14; GB24; GB40; GB41; GB42,37.77 dB
2024-09-13,14:00:42,49.18746301666666909,N,-122.84616448333333949,W,2.32,30,29,GP2; GP3; GP4; GP19; GP21; GP25; GP26; GP28; GP31; GP32; GL70; GL71; GL72; GL73; GL74; GL80; GL86; GL87; GL88; GA10; GA11; GA27; GA29; GA30; GA33; GB14; GB24; GB41; GB42,39.07 dB
2024-09-13,14:00:43,49.18745814999999766,N,-122.84616343333333077,W,2.44,30,29,GP2; GP3; GP4; GP19; GP21; GP25; GP26; GP28; GP31; GP32; GL70; GL71; GL72; GL73; GL74; GL80; GL86; GL87; GL88; GA10; GA11; GA27; GA29; GA30; GA33; GB14; GB24; GB41; GB42,39.17 dB
2024-09-13,14:00:44,49.18745193333333532,N,-122.84616146666667191,W,1.78,30,29,GP2; GP3; GP4; GP19; GP21; GP25; GP26; GP28; GP31; GP32; GL70; GL71; GL72; GL73; GL74; GL80; GL86; GL87; GL88; GA10; GA11; GA27; GA29; GA30; GA33; GB14; GB24; GB41; GB42,38.90 dB
2024-09-13,14:00:45,49.18744713333333607,N,-122.84615909999999417,W,1.70,30,30,GP2; GP3; GP4; GP21; GP25; GP26; GP28; GP31; GP32; GL70; GL71; GL72; GL73; GL74; GL80; GL86; GL87; GL88; GA10; GA11; GA12; GA19; GA27; GA29; GA30; GA33; GB14; GB24; GB41; GB42,39.20 dB
2024-09-13,14:00:46,49.18744471666666840,N,-122.84615653333332830,W,0.57,30,30,GP2; GP3; GP4; GP19; GP21; GP25; GP26; GP28; GP31; GP32; GL70; GL71; GL72; GL73; GL74; GL80; GL86; GL87; GL88; GA10; GA11; GA12; GA27; GA29; GA30; GA33; GB14; GB24; GB41; GB42,39.00 dB
2024-09-13,14:00:47,49.18744311666666391,N,-122.84615526666667051,W,0.51,30,30,GP2; GP3; GP4; GP19; GP21; GP25; GP26; GP28; GP31; GP32; GL70; GL71; GL72; GL73; GL74; GL80; GL86; GL87; GL88; GA10; GA11; GA12; GA27; GA29; GA30; GA33; GB14; GB24; GB41; GB42,39.07 dB
2024-09-13,14:00:48,49.18744781666666910,N,-122.84616578333333337,W,7.35,30,30,GP2; GP3; GP4; GP19; GP21; GP25; GP26; GP28; GP31; GP32; GL70; GL71; GL72; GL73; GL74; GL80; GL86; GL87; GL88; GA10; GA11; GA12; GA27; GA29; GA30; GA33; GB14; GB24; GB41; GB42,39.40 dB
2024-09-13,14:00:49,49.18745485000000173,N,-122.84620421666666346,W,12.51,30,30,GP2; GP3; GP4; GP19; GP21; GP25; GP26; GP28; GP31; GP32; GL70; GL71; GL72; GL73; GL74; GL80; GL86; GL87; GL88; GA10; GA11; GA12; GA27; GA29; GA30; GA33; GB14; GB24; GB41; GB42,38.97 dB
2024-09-13,14:00:50,49.18745668333333043,N,-122.84625151666666909,W,11.60,30,30,GP2; GP3; GP4; GP19; GP21; GP25; GP26; GP28; GP31; GP32; GL70; GL71; GL72; GL73; GL74; GL80; GL86; GL87; GL88; GA10; GA11; GA12; GA27; GA29; GA30; GA33; GB14; GB24; GB41; GB42,38.90 dB
2024-09-13,14:00:51,49.18745893333333186,N,-122.84629200000000537,W,9.46,31,31,GP2; GP3; GP4; GP19; GP21; GP25; GP26; GP28; GP31; GP32; GL70; GL71; GL72; GL73; GL74; GL80; GL86; GL87; GL88; GA10; GA11; GA12; GA27; GA29; GA30; GA33; GB14; GB24; GB40; GB41; GB42,38.77 dB
2024-09-13,14:00:52,49.18746620000000291,N,-122.84632501666666826,W,8.36,31,31,GP2; GP3; GP4; GP19; GP21; GP25; GP26; GP28; GP31; GP32; GL70; GL71; GL72; GL73; GL74; GL80; GL86; GL87; GL88; GA10; GA11; GA12; GA27; GA29; GA30; GA33; GB14; GB24; GB40; GB41; GB42,37.74 dB
2024-09-13,14:00:53,49.18748060000000066,N,-122.84634608333333006,W,8.10,31,31,GP2; GP3; GP4; GP19; GP21; GP25; GP26; GP28; GP31; GP32; GL70; GL71; GL72; GL73; GL74; GL80; GL86; GL87; GL88; GA10; GA11; GA12; GA27; GA29; GA30; GA33; GB14; GB24; GB40; GB41; GB42,38.16 dB
2024-09-13,14:00:54,49.18750430000000051,N,-122.84635796666667318,W,11.87,30,30,GP2; GP3; GP4; GP19; GP21; GP25; GP26; GP28; GP31; GP32; GL71; GL72; GL73; GL74; GL80; GL86; GL87; GL88; GA10; GA11; GA12; GA27; GA29; GA30; GA33; GB14; GB24; GB40; GB41; GB42,37.60 dB
2024-09-13,14:00:55,49.18754168333333610,N,-122.84636159999999450,W,17.10,29,29,GP2; GP3; GP4; GP19; GP21; GP25; GP26; GP28; GP31; GP32; GL72; GL73; GL74; GL80; GL86; GL87; GL88; GA10; GA11; GA12; GA27; GA29; GA30; GA33; GB14; GB24; GB40; GB41; GB42,36.79 dB
2024-09-13,14:00:56,49.18758729999999701,N,-122.84635991666667110,W,18.27,29,29,GP2; GP3; GP4; GP19; GP21; GP25; GP26; GP28; GP31; GP32; GL72; GL73; GL74; GL80; GL86; GL87; GL88; GA10; GA11; GA12; GA27; GA29; GA30; GA33; GB14; GB24; GB40; GB41; GB42,37.31 dB
2024-09-13,14:00:57,49.18763373333333533,N,-122.84635723333333601,W,18.06,29,29,GP2; GP3; GP4; GP21; GP25; GP26; GP28; GP31; GP32; GL72; GL73; GL74; GL80; GL86; GL87; GL88; GA10; GA11; GA12; GA19; GA27; GA29; GA30; GA33; GB14; GB24; GB40; GB41; GB42,37.66 dB
2024-09-13,14:00:58,49.18767940000000038,N,-122.84635336666666205,W,17.50,28,28,GP2; GP3; GP4; GP19; GP21; GP25; GP26; GP28; GP31; GP32; GL72; GL73; GL74; GL80; GL86; GL87; GL88; GA10; GA11; GA12; GA27; GA29; GA30; GA33; GB14; GB24; GB41; GB42,37.54 dB
2024-09-13,14:00:59,49.18772059999999868,N,-122.84634963333333246,W,13.81,28,28,GP2; GP3; GP4; GP19; GP21; GP25; GP26; GP28; GP31; GP32; GL72; GL73; GL74; GL80; GL86; GL87; GL88; GA10; GA11; GA12; GA27; GA29; GA30; GA33; GB14; GB24; GB41; GB42,35.82 dB
2024-09-13,14:01:00,49.18775010000000236,N,-122.84634683333332816,W,9.47,28,28,GP2; GP3; GP4; GP19; GP21; GP25; GP26; GP28; GP31; GP32; GL72; GL73; GL74; GL80; GL86; GL87; GL88; GA10; GA11; GA12; GA27; GA29; GA30; GA33; GB14; GB24; GB41; GB42,34.21 dB
2024-09-13,14:01:01,49.18777156666666883,N,-122.84634359999999731,W,7.23,28,28,GP2; GP3; GP4; GP19; GP21; GP25; GP26; GP28; GP31; GP32; GL72; GL73; GL74; GL80; GL86; GL87; GL88; GA10; GA11; GA12; GA27; GA29; GA30; GA33; GB14; GB24; GB41; GB42,35.50 dB
2024-09-13,14:01:02,49.18778869999999870,N,-122.84633870000000400,W,6.35,28,28,GP2; GP3; GP4; GP19; GP21; GP25; GP26; GP28; GP31; GP32; GL72; GL73; GL74; GL80; GL86; GL87; GL88; GA10; GA11; GA12; GA27; GA29; GA30; GA33; GB14; GB24; GB41; GB42,37.18 dB
2024-09-13,14:01:03,49.18780435000000040,N,-122.84632866666666473,W,6.76,28,28,GP2; GP3; GP4; GP19; GP21; GP25; GP26; GP28; GP31; GP32; GL72; GL73; GL74; GL80; GL86; GL87; GL88; GA10; GA11; GA12; GA27; GA29; GA30; GA33; GB14; GB24; GB41; GB42,37.57 dB
2024-09-13,14:01:04,49.18781723333333389,N,-122.84630975000000319,W,8.10,28,28,GP2; GP3; GP4; GP19; GP21; GP25; GP26; GP28; GP31; GP32; GL72; GL73; GL74; GL80; GL86; GL87; GL88; GA10; GA11; GA12; GA27; GA29; GA30; GA33; GB14; GB24; GB41; GB42,38.57 dB
2024-09-13,14:01:05,49.18782699999999863,N,-122.84627361666666445,W,13.24,28,28,GP2; GP3; GP4; GP19; GP21; GP25; GP26; GP28; GP31; GP32; GL72; GL73; GL74; GL80; GL86; GL87; GL88; GA10; GA11; GA12; GA27; GA29; GA30; GA33; GB14; GB24; GB41; GB42,37.43 dB
2024-09-13,14:01:06,49.18783164999999968,N,-122.84621400000000335,W,18.65,28,28,GP2; GP3; GP4; GP19; GP21; GP25; GP26; GP28; GP31; GP32; GL72; GL73; GL74; GL80; GL86; GL87; GL88; GA10; GA11; GA12; GA27; GA29; GA30; GA33; GB14; GB24; GB41; GB42,37.54 dB
2024-09-13,14:01:07,49.18783485000000155,N,-122.84613659999999413,W,22.39,28,28,GP2; GP3; GP4; GP19; GP21; GP25; GP26; GP28; GP31; GP32; GL72; GL73; GL74; GL80; GL86; GL87; GL88; GA10; GA11; GA12; GA27; GA29; GA30; GA33; GB14; GB24; GB41; GB42,36.89 dB
2024-09-13,14:01:08,49.18783946666666651,N,-122.84604713333332882,W,24.32,28,28,GP2; GP3; GP4; GP19; GP21; GP25; GP26; GP28; GP31; GP32; GL72; GL73; GL74; GL80; GL86; GL87; GL88; GA10; GA11; GA12; GA27; GA29; GA30; GA33; GB14; GB24; GB41; GB42,37.61 dB
2024-09-13,14:01:09,49.18784603333333649,N,-122.84595513333333372,W,24.23,28,28,GP2; GP3; GP4; GP19; GP21; GP25; GP26; GP28; GP31; GP32; GL72; GL73; GL74; GL80; GL86; GL87; GL88; GA10; GA11; GA12; GA27; GA29; GA30; GA33; GB14; GB24; GB41; GB42,38.14 dB
2024-09-13,14:01:10,49.18785365000000098,N,-122.84586596666666480,W,22.84,28,28,GP2; GP3; GP4; GP19; GP21; GP25; GP26; GP28; GP31; GP32; GL72; GL73; GL74; GL80; GL86; GL87; GL88; GA10; GA11; GA12; GA27; GA29; GA30; GA33; GB14; GB24; GB41; GB42,37.79 dB
2024-09-13,14:01:11,49.18785993333333550,N,-122.84578679999999906,W,17.94,28,28,GP2; GP3; GP4; GP19; GP21; GP25; GP26; GP28; GP31; GP32; GL72; GL73; GL74; GL80; GL86; GL87; GL88; GA10; GA11; GA12; GA27; GA29; GA30; GA33; GB14; GB24; GB41; GB42,38.39 dB
2024-09-13,14:01:12,49.18786349999999885,N,-122.84573396666667122,W,10.34,28,28,GP2; GP3; GP4; GP19; GP21; GP25; GP26; GP28; GP31; GP32; GL72; GL73; GL74; GL80; GL86; GL87; GL88; GA10; GA11; GA12; GA27; GA29; GA30; GA33; GB14; GB24; GB41; GB42,38.68 dB
2024-09-13,14:01:13,49.18786516666666842,N,-122.84570508333332839,W,5.58,28,28,GP2; GP3; GP4; GP19; GP21; GP25; GP26; GP28; GP31; GP32; GL72; GL73; GL74; GL80; GL86; GL87; GL88; GA10; GA11; GA12; GA27; GA29; GA30; GA33; GB14; GB24; GB41; GB42,38.96 dB
2024-09-13,14:01:14,49.18786598333333160,N,-122.84569171666666421,W,1.78,28,28,GP2; GP3; GP4; GP19; GP21; GP25; GP26; GP28; GP31; GP32; GL72; GL73; GL74; GL80; GL86; GL87; GL88; GA10; GA11; GA12; GA27; GA29; GA30; GA33; GB14; GB24; GB41; GB42,38.75 dB
2024-09-13,14:01:15,49.18786614999999784,N,-122.84569114999999329,W,0.34,28,28,GP2; GP3; GP4; GP19; GP21; GP25; GP26; GP28; GP31; GP32; GL72; GL73; GL74; GL80; GL86; GL87; GL88; GA10; GA11; GA12; GA27; GA29; GA30; GA33; GB14; GB24; GB41; GB42,39.07 dB
2024-09-13,14:01:16,49.18786616666666589,N,-122.84569266666666465,W,0.01,29,29,GP2; GP3; GP4; GP17; GP19; GP21; GP25; GP26; GP28; GP31; GP32; GL72; GL73; GL74; GL80; GL86; GL87; GL88; GA10; GA11; GA12; GA27; GA29; GA30; GA33; GB14; GB24; GB41; GB42,38.17 dB
2024-09-13,14:01:17,49.18786616666666589,N,-122.84569120000000453,W,0.01,28,28,GP2; GP3; GP4; GP19; GP21; GP25; GP26; GP28; GP31; GP32; GL72; GL73; GL74; GL80; GL86; GL87; GL88; GA10; GA11; GA12; GA27; GA29; GA30; GA33; GB14; GB24; GB41; GB42,39.14 dB
2024-09-13,14:01:18,49.18786613333332980,N,-122.84569116666666844,W,0.01,28,28,GP2; GP3; GP4; GP19; GP21; GP25; GP26; GP28; GP31; GP32; GL72; GL73; GL74; GL80; GL86; GL87; GL88; GA10; GA11; GA12; GA27; GA29; GA30; GA33; GB14; GB24; GB41; GB42,38.79 dB
2024-09-13,14:01:19,49.18786613333332980,N,-122.84569114999999329,W,0.01,29,29,GP2; GP3; GP4; GP17; GP19; GP21; GP25; GP26; GP28; GP31; GP32; GL72; GL73; GL74; GL80; GL86; GL87; GL88; GA10; GA11; GA12; GA27; GA29; GA30; GA33; GB14; GB24; GB41; GB42,38.62 dB
2024-09-13,14:01:20,49.18786611666666886,N,-122.84569113333333235,W,0.01,29,29,GP2; GP3; GP4; GP17; GP19; GP21; GP25; GP26; GP28; GP31; GP32; GL72; GL73; GL74; GL80; GL86; GL87; GL88; GA10; GA11; GA12; GA27; GA29; GA30; GA33; GB14; GB24; GB41; GB42,38.52 dB
2024-09-13,14:01:21,49.18786611666666886,N,-122.84569114999999329,W,0.01,29,29,GP2; GP3; GP4; GP17; GP19; GP21; GP25; GP26; GP28; GP31; GP32; GL72; GL73; GL74; GL80; GL86; GL87; GL88; GA10; GA11; GA12; GA27; GA29; GA30; GA33; GB14; GB24; GB41; GB42,38.48 dB
2024-09-13,14:01:22,49.18786613333332980,N,-122.84569114999999329,W,0.00,29,29,GP2; GP3; GP4; GP17; GP19; GP21; GP25; GP26; GP28; GP31; GP32; GL72; GL73; GL74; GL80; GL86; GL87; GL88; GA10; GA11; GA12; GA27; GA29; GA30; GA33; GB14; GB24; GB41; GB42,38.66 dB
2024-09-13,14:01:23,49.18786613333332980,N,-122.84569114999999329,W,0.00,30,30,GP2; GP3; GP4; GP17; GP19; GP21; GP25; GP26; GP28; GP31; GP32; GL72; GL73; GL74; GL80; GL86; GL87; GL88; GA10; GA11; GA12; GA29; GA30; GA33; GA27; GB14; GB24; GB40; GB41; GB42,38.37 dB
2024-09-13,14:01:24,49.18786613333332980,N,-122.84569114999999329,W,0.00,30,30,GP2; GP3; GP4; GP17; GP19; GP21; GP25; GP26; GP28; GP31; GP32; GL72; GL73; GL74; GL80; GL86; GL87; GL88; GA10; GA11; GA12; GA29; GA30; GA33; GA27; GB14; GB24; GB40; GB41; GB42,38.00 dB
2024-09-13,14:01:25,49.18786614999999784,N,-122.84569116666666844,W,0.00,30,30,GP2; GP3; GP4; GP17; GP19; GP21; GP25; GP26; GP28; GP31; GP32; GL72; GL73; GL74; GL80; GL86; GL87; GL88; GA10; GA11; GA12; GA29; GA30; GA33; GB14; GB24; GB27; GB40; GB41; GB42,38.10 dB
2024-09-13,14:01:26,49.18786614999999784,N,-122.84569116666666844,W,0.00,30,30,GP2; GP3; GP4; GP17; GP19; GP21; GP25; GP26; GP28; GP31; GP32; GL72; GL73; GL74; GL80; GL86; GL87; GL88; GA10; GA11; GA12; GA29; GA30; GA33; GB14; GB24; GB27; GB40; GB41; GB42,37.90 dB
2024-09-13,14:01:27,49.18786614999999784,N,-122.84569116666666844,W,0.00,30,30,GP2; GP3; GP4; GP17; GP19; GP21; GP25; GP26; GP28; GP31; GP32; GL72; GL73; GL74; GL80; GL86; GL87; GL88; GA10; GA11; GA12; GA29; GA30; GA33; GB14; GB24; GB27; GB40; GB41; GB42,38.00 dB
2024-09-13,14:01:28,49.18786614999999784,N,-122.84569116666666844,W,0.00,30,30,GP2; GP3; GP4; GP17; GP19; GP21; GP25; GP26; GP28; GP31; GP32; GL72; GL73; GL74; GL80; GL86; GL87; GL88; GA10; GA11; GA12; GA29; GA30; GA33; GB14; GB24; GB27; GB40; GB41; GB42,37.90 dB
2024-09-13,14:01:29,49.18786614999999784,N,-122.84569116666666844,W,0.00,30,30,GP2; GP3; GP4; GP17; GP19; GP21; GP25; GP26; GP28; GP31; GP32; GL72; GL73; GL74; GL80; GL86; GL87; GL88; GA10; GA11; GA12; GA29; GA30; GA33; GB14; GB24; GB27; GB40; GB41; GB42,38.40 dB
2024-09-13,14:01:30,49.18786614999999784,N,-122.84569116666666844,W,0.00,30,30,GP2; GP3; GP4; GP17; GP19; GP21; GP25; GP26; GP28; GP31; GP32; GL72; GL73; GL74; GL80; GL86; GL87; GL88; GA10; GA11; GA12; GA29; GA30; GA33; GB14; GB24; GB27; GB40; GB41; GB42,38.13 dB
2024-09-13,14:01:31,49.18786614999999784,N,-122.84569116666666844,W,0.00,29,29,GP2; GP3; GP4; GP19; GP21; GP25; GP26; GP28; GP31; GP32; GL72; GL73; GL74; GL80; GL86; GL87; GL88; GA10; GA11; GA12; GA29; GA30; GA33; GB14; GB24; GB27; GB40; GB41; GB42,39.24 dB
2024-09-13,14:01:32,49.18786616666666589,N,-122.84569116666666844,W,0.00,29,29,GP2; GP3; GP4; GP19; GP21; GP25; GP26; GP28; GP31; GP32; GL72; GL73; GL74; GL80; GL86; GL87; GL88; GA10; GA11; GA12; GA29; GA30; GA33; GB14; GB24; GB27; GB40; GB41; GB42,38.76 dB
2024-09-13,14:01:33,49.18786616666666589,N,-122.84569116666666844,W,0.00,30,30,GP2; GP3; GP4; GP17; GP19; GP21; GP25; GP26; GP28; GP31; GP32; GL72; GL73; GL74; GL80; GL86; GL87; GL88; GA10; GA11; GA12; GA29; GA30; GA33; GB14; GB24; GB27; GB40; GB41; GB42,38.53 dB
2024-09-13,14:01:34,49.18786616666666589,N,-122.84569116666666844,W,0.00,30,30,GP2; GP3; GP4; GP17; GP19; GP21; GP25; GP26; GP28; GP31; GP32; GL72; GL73; GL74; GL80; GL86; GL87; GL88; GA10; GA11; GA12; GA29; GA30; GA33; GB14; GB24; GB27; GB40; GB41; GB42,38.50 dB
2024-09-13,14:01:35,49.18786614999999784,N,-122.84569116666666844,W,0.00,30,30,GP2; GP3; GP4; GP17; GP19; GP21; GP25; GP26; GP28; GP31; GP32; GL72; GL73; GL74; GL80; GL86; GL87; GL88; GA10; GA11; GA12; GA29; GA30; GA33; GB14; GB24; GB27; GB40; GB41; GB42,38.47 dB
2024-09-13,14:01:36,49.18786614999999784,N,-122.84569116666666844,W,0.00,30,30,GP2; GP3; GP4; GP17; GP19; GP21; GP25; GP26; GP28; GP31; GP32; GL72; GL73; GL74; GL80; GL86; GL87; GL88; GA10; GA11; GA12; GA29; GA30; GA33; GB14; GB24; GB27; GB40; GB41; GB42,38.20 dB
2024-09-13,14:01:37,49.18786614999999784,N,-122.84569116666666844,W,0.00,30,30,GP2; GP3; GP4; GP17; GP21; GP25; GP26; GP28; GP31; GP32; GL72; GL73; GL74; GL80; GL86; GL87; GL88; GA10; GA11; GA12; GA19; GA29; GA30; GA33; GB14; GB24; GB27; GB40; GB41; GB42,38.20 dB
2024-09-13,14:01:38,49.18786614999999784,N,-122.84569116666666844,W,0.00,30,30,GP2; GP3; GP4; GP17; GP19; GP21; GP25; GP26; GP28; GP31; GP32; GL72; GL73; GL74; GL80; GL86; GL87; GL88; GA10; GA11; GA12; GA29; GA30; GA33; GB14; GB24; GB27; GB40; GB41; GB42,38.53 dB
2024-09-13,14:01:39,49.18786614999999784,N,-122.84569116666666844,W,0.00,30,30,GP2; GP3; GP4; GP17; GP21; GP25; GP26; GP28; GP31; GP32; GL72; GL73; GL74; GL80; GL86; GL87; GL88; GA10; GA11; GA12; GA19; GA29; GA30; GA33; GB14; GB24; GB27; GB40; GB41; GB42,38.43 dB
2024-09-13,14:01:40,49.18786614999999784,N,-122.84569116666666844,W,0.00,30,30,GP2; GP3; GP4; GP17; GP21; GP25; GP26; GP28; GP31; GP32; GL72; GL73; GL74; GL80; GL86; GL87; GL88; GA10; GA11; GA12; GA19; GA29; GA30; GA33; GB14; GB24; GB27; GB40; GB41; GB42,38.53 dB
2024-09-13,14:01:41,49.18786614999999784,N,-122.84569116666666844,W,0.00,30,30,GP2; GP3; GP4; GP17; GP21; GP25; GP26; GP28; GP31; GP32; GL72; GL73; GL74; GL80; GL86; GL87; GL88; GA10; GA11; GA12; GA19; GA29; GA30; GA33; GB14; GB24; GB27; GB40; GB41; GB42,38.10 dB
2024-09-13,14:01:42,49.18786614999999784,N,-122.84569116666666844,W,0.00,30,30,GP2; GP3; GP4; GP17; GP21; GP25; GP26; GP28; GP31; GP32; GL72; GL73; GL74; GL80; GL86; GL87; GL88; GA10; GA11; GA12; GA19; GA29; GA30; GA33; GB14; GB24; GB27; GB40; GB41; GB42,38.37 dB
2024-09-13,14:01:43,49.18786614999999784,N,-122.84569116666666844,W,0.00,30,30,GP2; GP3; GP4; GP17; GP21; GP25; GP26; GP28; GP31; GP32; GL72; GL73; GL74; GL80; GL86; GL87; GL88; GA10; GA11; GA12; GA19; GA29; GA30; GA33; GB14; GB24; GB27; GB40; GB41; GB42,38.53 dB
2024-09-13,14:01:44,49.18786614999999784,N,-122.84569116666666844,W,0.00,30,30,GP2; GP3; GP4; GP17; GP21; GP25; GP26; GP28; GP31; GP32; GL72; GL73; GL74; GL80; GL86; GL87; GL88; GA10; GA11; GA12; GA19; GA29; GA30; GA33; GB14; GB24; GB27; GB40; GB41; GB42,38.27 dB
2024-09-13,14:01:45,49.18786614999999784,N,-122.84569116666666844,W,0.00,30,30,GP2; GP3; GP4; GP17; GP21; GP25; GP26; GP28; GP31; GP32; GL72; GL73; GL74; GL80; GL86; GL87; GL88; GA10; GA11; GA12; GA19; GA29; GA30; GA33; GB14; GB24; GB27; GB40; GB41; GB42,37.97 dB
2024-09-13,14:01:46,49.18786614999999784,N,-122.84569116666666844,W,0.00,30,30,GP2; GP3; GP4; GP17; GP21; GP25; GP26; GP28; GP31; GP32; GL72; GL73; GL74; GL80; GL86; GL87; GL88; GA10; GA11; GA12; GA19; GA27; GA29; GA30; GA33; GB14; GB24; GB40; GB41; GB42,38.03 dB
2024-09-13,14:01:47,49.18786614999999784,N,-122.84569116666666844,W,0.00,30,30,GP2; GP3; GP4; GP17; GP21; GP25; GP26; GP28; GP31; GP32; GL72; GL73; GL74; GL80; GL86; GL87; GL88; GA10; GA11; GA12; GA19; GA27; GA29; GA30; GA33; GB14; GB24; GB40; GB41; GB42,38.13 dB
2024-09-13,14:01:48,49.18786616666666589,N,-122.84569116666666844,W,0.00,30,30,GP2; GP3; GP4; GP17; GP21; GP25; GP26; GP28; GP31; GP32; GL72; GL73; GL74; GL80; GL86; GL87; GL88; GA10; GA11; GA12; GA19; GA29; GA30; GA33; GB14; GB24; GB27; GB40; GB41; GB42,38.13 dB
2024-09-13,14:01:49,49.18786616666666589,N,-122.84569116666666844,W,0.00,30,30,GP2; GP3; GP4; GP17; GP19; GP21; GP25; GP26; GP28; GP31; GP32; GL72; GL73; GL74; GL80; GL86; GL87; GL88; GA10; GA11; GA12; GA29; GA30; GA33; GB14; GB24; GB27; GB40; GB41; GB42,38.10 dB
2024-09-13,14:01:50,49.18786616666666589,N,-122.84569116666666844,W,0.00,30,30,GP2; GP3; GP4; GP17; GP19; GP21; GP25; GP26; GP28; GP31; GP32; GL72; GL73; GL74; GL80; GL86; GL87; GL88; GA10; GA11; GA12; GA27; GA29; GA30; GA33; GB14; GB24; GB40; GB41; GB42,38.30 dB
2024-09-13,14:01:51,49.18786616666666589,N,-122.84569116666666844,W,0.00,30,30,GP2; GP3; GP4; GP17; GP19; GP21; GP25; GP26; GP28; GP31; GP32; GL72; GL73; GL74; GL80; GL86; GL87; GL88; GA10; GA11; GA12; GA27; GA29; GA30; GA33; GB14; GB24; GB40; GB41; GB42,37.93 dB
2024-09-13,14:01:52,49.18786616666666589,N,-122.84569116666666844,W,0.00,30,30,GP2; GP3; GP4; GP17; GP19; GP21; GP25; GP26; GP28; GP31; GP32; GL72; GL73; GL74; GL80; GL86; GL87; GL88; GA10; GA11; GA12; GA27; GA29; GA30; GA33; GB14; GB24; GB40; GB41; GB42,37.70 dB
2024-09-13,14:01:53,49.18786616666666589,N,-122.84569116666666844,W,0.00,30,30,GP2; GP3; GP4; GP17; GP19; GP21; GP25; GP26; GP28; GP31; GP32; GL72; GL73; GL74; GL80; GL86; GL87; GL88; GA10; GA11; GA12; GA27; GA29; GA30; GA33; GB14; GB24; GB40; GB41; GB42,37.60 dB
2024-09-13,14:01:54,49.18786616666666589,N,-122.84569116666666844,W,0.00,30,30,GP2; GP3; GP4; GP17; GP19; GP21; GP25; GP26; GP28; GP31; GP32; GL72; GL73; GL74; GL80; GL86; GL87; GL88; GA10; GA11; GA12; GA27; GA29; GA30; GA33; GB14; GB24; GB40; GB41; GB42,37.93 dB
2024-09-13,14:01:55,49.18786616666666589,N,-122.84569116666666844,W,0.00,30,30,GP2; GP3; GP4; GP17; GP19; GP21; GP25; GP26; GP28; GP31; GP32; GL72; GL73; GL74; GL80; GL86; GL87; GL88; GA10; GA11; GA12; GA27; GA29; GA30; GA33; GB14; GB24; GB40; GB41; GB42,37.87 dB
2024-09-13,14:01:56,49.18786616666666589,N,-122.84569116666666844,W,0.00,30,30,GP2; GP3; GP4; GP17; GP19; GP21; GP25; GP26; GP28; GP31; GP32; GL72; GL73; GL74; GL80; GL86; GL87; GL88; GA10; GA11; GA12; GA27; GA29; GA30; GA33; GB14; GB24; GB40; GB41; GB42,36.97 dB
2024-09-13,14:01:57,49.18786616666666589,N,-122.84569116666666844,W,0.00,30,30,GP2; GP3; GP4; GP17; GP19; GP21; GP25; GP26; GP28; GP31; GP32; GL72; GL73; GL74; GL80; GL86; GL87; GL88; GA10; GA11; GA12; GA27; GA29; GA30; GA33; GB14; GB24; GB40; GB41; GB42,37.37 dB
2024-09-13,14:01:58,49.18786616666666589,N,-122.84569116666666844,W,0.00,30,30,GP2; GP3; GP4; GP17; GP19; GP21; GP25; GP26; GP28; GP31; GP32; GL72; GL73; GL74; GL80; GL86; GL87; GL88; GA10; GA11; GA12; GA27; GA29; GA30; GA33; GB14; GB24; GB40; GB41; GB42,36.93 dB
2024-09-13,14:01:59,49.18786618333333394,N,-122.84569116666666844,W,0.00,30,30,GP2; GP3; GP4; GP17; GP19; GP21; GP25; GP26; GP28; GP31; GP32; GL72; GL73; GL74; GL80; GL86; GL87; GL88; GA10; GA11; GA12; GA27; GA29; GA30; GA33; GB14; GB24; GB40; GB41; GB42,37.20 dB
2024-09-13,14:02:00,49.18786618333333394,N,-122.84569116666666844,W,0.00,29,29,GP2; GP3; GP4; GP17; GP19; GP21; GP25; GP26; GP28; GP31; GL72; GL73; GL74; GL80; GL86; GL87; GL88; GA10; GA11; GA12; GA27; GA29; GA30; GA33; GB14; GB24; GB40; GB41; GB42,37.93 dB
2024-09-13,14:02:01,49.18786618333333394,N,-122.84569116666666844,W,0.00,29,29,GP2; GP3; GP4; GP17; GP19; GP21; GP25; GP26; GP28; GP31; GL72; GL73; GL74; GL80; GL86; GL87; GL88; GA10; GA11; GA12; GA27; GA29; GA30; GA33; GB14; GB24; GB40; GB41; GB42,38.03 dB
2024-09-13,14:02:02,49.18786616666666589,N,-122.84569116666666844,W,0.00,29,29,GP2; GP3; GP4; GP17; GP19; GP21; GP25; GP26; GP28; GP31; GL72; GL73; GL74; GL80; GL86; GL87; GL88; GA10; GA11; GA12; GA27; GA29; GA30; GA33; GB14; GB24; GB41; GB42; GB40,37.83 dB
2024-09-13,14:02:03,49.18786616666666589,N,-122.84569116666666844,W,0.00,30,30,GP2; GP3; GP4; GP17; GP19; GP21; GP25; GP26; GP28; GP31; GP32; GL72; GL73; GL74; GL80; GL86; GL87; GL88; GA10; GA11; GA12; GA27; GA29; GA30; GA33; GB14; GB24; GB41; GB42; GB40,37.17 dB
2024-09-13,14:02:04,49.18786616666666589,N,-122.84569114999999329,W,0.00,30,30,GP2; GP3; GP4; GP17; GP19; GP21; GP25; GP26; GP28; GP31; GP32; GL72; GL73; GL74; GL80; GL86; GL87; GL88; GA10; GA11; GA12; GA27; GA29; GA30; GA33; GB14; GB24; GB41; GB42; GB40,37.40 dB
2024-09-13,14:02:05,49.18786616666666589,N,-122.84569114999999329,W,0.00,30,30,GP2; GP3; GP4; GP17; GP19; GP21; GP25; GP26; GP28; GP31; GP32; GL72; GL73; GL74; GL80; GL86; GL87; GL88; GA10; GA11; GA12; GA27; GA29; GA30; GA33; GB14; GB24; GB41; GB42; GB40,37.43 dB
2024-09-13,14:02:06,49.18786616666666589,N,-122.84569114999999329,W,0.00,30,30,GP2; GP3; GP4; GP17; GP19; GP21; GP25; GP26; GP28; GP31; GP32; GL72; GL73; GL74; GL80; GL86; GL87; GL88; GA10; GA11; GA12; GA27; GA29; GA30; GA33; GB14; GB24; GB41; GB42; GB40,37.53 dB
2024-09-13,14:02:07,49.18786616666666589,N,-122.84569116666666844,W,0.00,30,30,GP2; GP3; GP4; GP17; GP19; GP21; GP25; GP26; GP28; GP31; GP32; GL72; GL73; GL74; GL80; GL86; GL87; GL88; GA10; GA11; GA12; GA27; GA29; GA30; GA33; GB14; GB24; GB40; GB41; GB42,37.30 dB
2024-09-13,14:02:08,49.18786616666666589,N,-122.84569114999999329,W,0.00,30,30,GP2; GP3; GP4; GP17; GP19; GP21; GP25; GP26; GP28; GP31; GP32; GL72; GL73; GL74; GL80; GL86; GL87; GL88; GA10; GA11; GA12; GA27; GA29; GA30; GA33; GB14; GB24; GB40; GB41; GB42,38.43 dB
2024-09-13,14:02:09,49.18786616666666589,N,-122.84569114999999329,W,0.00,30,30,GP2; GP3; GP4; GP17; GP19; GP21; GP25; GP26; GP28; GP31; GP32; GL72; GL73; GL74; GL80; GL86; GL87; GL88; GA10; GA11; GA12; GA27; GA29; GA30; GA33; GB14; GB24; GB40; GB41; GB42,38.43 dB
2024-09-13,14:02:10,49.18786616666666589,N,-122.84569114999999329,W,0.00,30,30,GP2; GP3; GP4; GP17; GP19; GP21; GP25; GP26; GP28; GP31; GP32; GL72; GL73; GL74; GL80; GL86; GL87; GL88; GA10; GA11; GA12; GA29; GA30; GA33; GB14; GB24; GB27; GB40; GB41; GB42,38.23 dB
2024-09-13,14:02:11,49.18786646666666940,N,-122.84568771666666009,W,4.25,30,30,GP2; GP3; GP4; GP17; GP19; GP21; GP25; GP26; GP28; GP31; GP32; GL72; GL73; GL74; GL80; GL86; GL87; GL88; GA10; GA11; GA12; GA29; GA30; GA33; GB14; GB24; GB27; GB40; GB41; GB42,37.90 dB
2024-09-13,14:02:12,49.18786726666666453,N,-122.84566295000000480,W,8.30,30,30,GP2; GP3; GP4; GP17; GP19; GP21; GP25; GP26; GP28; GP31; GP32; GL72; GL73; GL74; GL80; GL86; GL87; GL88; GA10; GA11; GA12; GA29; GA30; GA33; GB14; GB24; GB27; GB40; GB41; GB42,37.70 dB
2024-09-13,14:02:13,49.18786779999999936,N,-122.84563313333333667,W,6.08,30,30,GP2; GP3; GP4; GP17; GP19; GP21; GP25; GP26; GP28; GP31; GP32; GL72; GL73; GL74; GL80; GL86; GL87; GL88; GA10; GA11; GA12; GA29; GA30; GA33; GB14; GB24; GB27; GB40; GB41; GB42,37.60 dB
2024-09-13,14:02:14,49.18786818333333599,N,-122.84561451666667153,W,4.07,30,30,GP2; GP3; GP4; GP17; GP19; GP21; GP25; GP26; GP28; GP31; GP32; GL72; GL73; GL74; GL80; GL86; GL87; GL88; GA10; GA11; GA12; GA29; GA30; GA33; GB14; GB24; GB27; GB40; GB41; GB42,37.77 dB
2024-09-13,14:02:15,49.18786854999999747,N,-122.84560043333333113,W,2.90,30,30,GP2; GP3; GP4; GP17; GP19; GP21; GP25; GP26; GP28; GP31; GP32; GL72; GL73; GL74; GL80; GL86; GL87; GL88; GA10; GA11; GA12; GA29; GA30; GA33; GB14; GB24; GB27; GB40; GB41; GB42,38.20 dB
2024-09-13,14:02:16,49.18786889999999801,N,-122.84559141666666449,W,1.70,30,30,GP2; GP3; GP4; GP17; GP19; GP21; GP25; GP26; GP28; GP31; GP32; GL72; GL73; GL74; GL80; GL86; GL87; GL88; GA10; GA11; GA12; GA29; GA30; GA33; GB14; GB24; GB27; GB40; GB41; GB42,37.93 dB
2024-09-13,14:02:17,49.18786920000000151,N,-122.84558688333333976,W,0.69,30,30,GP2; GP3; GP4; GP17; GP19; GP21; GP25; GP26; GP28; GP31; GP32; GL72; GL73; GL74; GL80; GL86; GL87; GL88; GA10; GA11; GA12; GA29; GA30; GA33; GB14; GB24; GB27; GB40; GB41; GB42,37.70 dB
2024-09-13,14:02:18,49.18786945000000088,N,-122.84558691666666164,W,0.01,30,30,GP2; GP3; GP4; GP17; GP19; GP21; GP25; GP26; GP28; GP31; GP32; GL72; GL73; GL74; GL80; GL86; GL87; GL88; GA10; GA11; GA12; GA29; GA30; GA33; GB14; GB24; GB27; GB41; GB42; GB40,38.03 dB
2024-09-13,14:02:19,49.18786923333333050,N,-122.84558688333333976,W,0.00,30,30,GP2; GP3; GP4; GP17; GP19; GP21; GP25; GP26; GP28; GP31; GP32; GL72; GL73; GL74; GL80; GL86; GL87; GL88; GA10; GA11; GA12; GA29; GA30; GA33; GB14; GB24; GB27; GB41; GB42; GB40,38.10 dB
2024-09-13,14:02:20,49.18786923333333050,N,-122.84558688333333976,W,0.00,30,30,GP2; GP3; GP4; GP17; GP21; GP25; GP26; GP28; GP31; GP32; GL72; GL73; GL74; GL80; GL86; GL87; GL88; GA10; GA11; GA12; GA19; GA29; GA30; GA33; GB14; GB24; GB27; GB41; GB42; GB40,38.10 dB
2024-09-13,14:02:21,49.18786923333333050,N,-122.84558688333333976,W,0.00,30,30,GP2; GP3; GP4; GP17; GP19; GP21; GP25; GP26; GP28; GP31; GP32; GL72; GL73; GL74; GL80; GL86; GL87; GL88; GA10; GA11; GA12; GA29; GA30; GA33; GB14; GB24; GB27; GB41; GB42; GB40,37.87 dB
2024-09-13,14:02:22,49.18786923333333050,N,-122.84558686666666460,W,0.00,30,30,GP2; GP3; GP4; GP17; GP19; GP21; GP25; GP26; GP28; GP31; GP32; GL72; GL73; GL74; GL80; GL86; GL87; GL88; GA10; GA11; GA12; GA29; GA30; GA33; GB14; GB24; GB27; GB41; GB42; GB40,37.73 dB
2024-09-13,14:02:23,49.18786923333333050,N,-122.84558686666666460,W,0.01,30,30,GP2; GP3; GP4; GP17; GP21; GP25; GP26; GP28; GP31; GP32; GL72; GL73; GL74; GL80; GL86; GL87; GL88; GA10; GA11; GA12; GA19; GA29; GA30; GA33; GB14; GB24; GB27; GB41; GB42; GB40,38.23 dB
2024-09-13,14:02:24,49.18786923333333050,N,-122.84558686666666460,W,0.00,30,30,GP2; GP3; GP4; GP17; GP21; GP25; GP26; GP28; GP31; GP32; GL72; GL73; GL74; GL80; GL86; GL87; GL88; GA10; GA11; GA12; GA19; GA29; GA30; GA33; GB14; GB24; GB27; GB41; GB42; GB40,38.23 dB
2024-09-13,14:02:25,49.18786946666666893,N,-122.84558690000000070,W,0.20,30,30,GP2; GP3; GP4; GP17; GP19; GP21; GP25; GP26; GP28; GP31; GP32; GL72; GL73; GL74; GL80; GL86; GL87; GL88; GA10; GA11; GA12; GA29; GA30; GA33; GB14; GB24; GB27; GB41; GB42; GB40,37.67 dB
2024-09-13,14:02:26,49.18786971666666830,N,-122.84558623333333571,W,0.36,30,30,GP2; GP3; GP4; GP17; GP19; GP21; GP25; GP26; GP28; GP31; GP32; GL72; GL73; GL74; GL80; GL86; GL87; GL88; GA10; GA11; GA12; GA29; GA30; GA33; GB14; GB24; GB27; GB41; GB42; GB40,37.87 dB
2024-09-13,14:02:27,49.18786581666666535,N,-122.84558533333333230,W,0.05,30,30,GP2; GP3; GP4; GP17; GP21; GP25; GP26; GP28; GP31; GP32; GL72; GL73; GL74; GL80; GL86; GL87; GL88; GA10; GA11; GA12; GA19; GA29; GA30; GA33; GB14; GB24; GB27; GB41; GB42; GB40,37.93 dB
2024-09-13,14:02:28,49.18786963333333517,N,-122.84558611666666650,W,0.09,30,30,GP2; GP3; GP4; GP17; GP19; GP21; GP25; GP26; GP28; GP31; GP32; GL72; GL73; GL74; GL80; GL86; GL87; GL88; GA10; GA11; GA12; GA29; GA30; GA33; GB14; GB24; GB27; GB41; GB42; GB40,38.13 dB
2024-09-13,14:02:29,49.18786961666666713,N,-122.84558558333333167,W,0.11,30,30,GP2; GP3; GP4; GP17; GP19; GP21; GP25; GP26; GP28; GP31; GP32; GL72; GL73; GL74; GL80; GL86; GL87; GL88; GA10; GA11; GA12; GA29; GA30; GA33; GB14; GB24; GB27; GB41; GB42; GB40,38.03 dB
2024-09-13,14:02:30,49.18786990000000259,N,-122.84558585000000619,W,1.63,30,30,GP2; GP3; GP4; GP17; GP19; GP21; GP25; GP26; GP28; GP31; GP32; GL72; GL73; GL74; GL80; GL86; GL87; GL88; GA10; GA11; GA12; GA29; GA30; GA33; GB14; GB24; GB27; GB41; GB42; GB40,38.43 dB
2024-09-13,14:02:31,49.18786966666666416,N,-122.84558466666666732,W,1.18,29,29,GP2; GP3; GP4; GP17; GP19; GP21; GP25; GP26; GP28; GP31; GP32; GL72; GL73; GL74; GL80; GL86; GL87; GL88; GA10; GA11; GA12; GA29; GA30; GA33; GB14; GB24; GB27; GB41; GB42,39.83 dB
2024-09-13,14:02:32,49.18786980000000142,N,-122.84558434999999577,W,0.74,28,28,GP2; GP3; GP4; GP19; GP21; GP25; GP26; GP28; GP31; GP32; GL72; GL73; GL74; GL80; GL86; GL87; GL88; GA10; GA11; GA12; GA29; GA30; GA33; GB14; GB24; GB27; GB41; GB42,40.18 dB
2024-09-13,14:02:33,49.18786998333333571,N,-122.84558364999999469,W,0.28,28,28,GP2; GP3; GP4; GP21; GP25; GP26; GP28; GP31; GP32; GL72; GL73; GL74; GL80; GL86; GL87; GL88; GA10; GA11; GA12; GA19; GA29; GA30; GA33; GB14; GB24; GB27; GB41; GB42,39.96 dB
2024-09-13,14:02:34,49.18787021666666703,N,-122.84558261666666112,W,0.85,28,28,GP2; GP3; GP4; GP21; GP25; GP26; GP28; GP31; GP32; GL72; GL73; GL74; GL80; GL86; GL87; GL88; GA10; GA11; GA12; GA19; GA29; GA30; GA33; GB14; GB24; GB27; GB41; GB42,39.64 dB
2024-09-13,14:02:35,49.18787245000000041,N,-122.84557253333333904,W,3.88,28,28,GP2; GP3; GP4; GP19; GP21; GP25; GP26; GP28; GP31; GP32; GL72; GL73; GL74; GL80; GL86; GL87; GL88; GA10; GA11; GA12; GA27; GA29; GA30; GA33; GB14; GB24; GB41; GB42,39.96 dB
2024-09-13,14:02:36,49.18787791666666465,N,-122.84555186666666771,W,8.10,28,28,GP2; GP3; GP4; GP19; GP21; GP25; GP26; GP28; GP31; GP32; GL72; GL73; GL74; GL80; GL86; GL87; GL88; GA10; GA11; GA12; GA27; GA29; GA30; GA33; GB14; GB24; GB41; GB42,40.04 dB
2024-09-13,14:02:37,49.18788934999999896,N,-122.84551548333332960,W,13.27,28,28,GP2; GP3; GP4; GP19; GP21; GP25; GP26; GP28; GP31; GP32; GL72; GL73; GL74; GL80; GL86; GL87; GL88; GA10; GA11; GA12; GA27; GA29; GA30; GA33; GB14; GB24; GB41; GB42,39.43 dB
2024-09-13,14:02:38,49.18790913333333492,N,-122.84546386666666251,W,18.66,29,29,GP2; GP3; GP4; GP17; GP19; GP21; GP25; GP26; GP28; GP31; GP32; GL72; GL73; GL74; GL80; GL86; GL87; GL88; GA10; GA11; GA12; GA27; GA29; GA30; GA33; GB14; GB24; GB41; GB42,38.93 dB
2024-09-13,14:02:39,49.18794531666666359,N,-122.84540681666666728,W,23.24,30,30,GP2; GP3; GP4; GP17; GP19; GP21; GP25; GP26; GP28; GP31; GP32; GL72; GL73; GL74; GL80; GL86; GL87; GL88; GA10; GA11; GA12; GA27; GA29; GA30; GA33; GB14; GB24; GB40; GB41; GB42,37.33 dB
2024-09-13,14:02:40,49.18800348333333261,N,-122.84536661666666646,W,26.94,30,30,GP2; GP3; GP4; GP17; GP19; GP21; GP25; GP26; GP28; GP31; GP32; GL72; GL73; GL74; GL80; GL86; GL87; GL88; GA10; GA11; GA12; GA27; GA29; GA30; GA33; GB14; GB24; GB40; GB41; GB42,38.47 dB
2024-09-13,14:02:41,49.18807778333333403,N,-122.84535323333332713,W,31.78,29,29,GP2; GP3; GP4; GP21; GP25; GP26; GP28; GP31; GP32; GL72; GL73; GL74; GL80; GL86; GL87; GL88; GA10; GA11; GA12; GA19; GA27; GA29; GA30; GA33; GB14; GB24; GB40; GB41; GB42,38.03 dB
2024-09-13,14:02:42,49.18816278333333258,N,-122.84535171666666997,W,35.98,29,29,GP2; GP3; GP4; GP21; GP25; GP26; GP28; GP31; GP32; GL72; GL73; GL74; GL80; GL86; GL87; GL88; GA10; GA11; GA12; GA19; GA27; GA29; GA30; GA33; GB14; GB24; GB40; GB41; GB42,37.24 dB
2024-09-13,14:02:43,49.18825824999999696,N,-122.84535113333333811,W,40.22,29,29,GP2; GP3; GP4; GP21; GP25; GP26; GP28; GP31; GP32; GL72; GL73; GL74; GL80; GL86; GL87; GL88; GA10; GA11; GA12; GA19; GA27; GA29; GA30; GA33; GB14; GB24; GB40; GB41; GB42,37.66 dB
2024-09-13,14:02:44,49.18836431666666442,N,-122.84534946666666144,W,44.31,29,29,GP2; GP3; GP4; GP17; GP21; GP25; GP26; GP28; GP31; GP32; GL72; GL73; GL74; GL80; GL86; GL87; GL88; GA10; GA11; GA12; GA19; GA27; GA29; GA30; GA33; GB14; GB24; GB41; GB42,37.59 dB
2024-09-13,14:02:45,49.18847954999999672,N,-122.84534680000000151,W,47.64,29,29,GP2; GP3; GP4; GP17; GP21; GP25; GP26; GP28; GP31; GP32; GL72; GL73; GL74; GL80; GL86; GL87; GL88; GA10; GA11; GA12; GA19; GA27; GA29; GA30; GA33; GB14; GB24; GB41; GB42,38.41 dB
2024-09-13,14:02:46,49.18860304999999755,N,-122.84534078333332729,W,50.66,29,29,GP2; GP3; GP4; GP17; GP21; GP25; GP26; GP28; GP31; GP32; GL72; GL73; GL74; GL80; GL86; GL87; GL88; GA10; GA11; GA12; GA19; GA27; GA29; GA30; GA33; GB14; GB24; GB41; GB42,37.86 dB
2024-09-13,14:02:47,49.18873250000000041,N,-122.84533603333333929,W,51.28,29,29,GP2; GP3; GP4; GP17; GP21; GP25; GP26; GP28; GP31; GP32; GL72; GL73; GL74; GL80; GL86; GL87; GL88; GA10; GA11; GA12; GA19; GA27; GA29; GA30; GA33; GB14; GB24; GB41; GB42,37.34 dB
2024-09-13,14:02:48,49.18886204999999734,N,-122.84533315000000187,W,51.64,29,29,GP2; GP3; GP4; GP17; GP21; GP25; GP26; GP28; GP31; GP32; GL72; GL73; GL74; GL80; GL86; GL87; GL88; GA10; GA11; GA12; GA19; GA27; GA29; GA30; GA33; GB14; GB24; GB41; GB42,38.28 dB
2024-09-13,14:02:49,49.18899123333333279,N,-122.84533098333332646,W,50.65,30,30,GP2; GP3; GP4; GP17; GP21; GP25; GP26; GP28; GP31; GP32; GL72; GL73; GL74; GL80; GL86; GL87; GL88; GA10; GA11; GA12; GA19; GA27; GA29; GA30; GA33; GB14; GB24; GB40; GB41; GB42,37.53 dB
2024-09-13,14:02:50,49.18911883333333179,N,-122.84532776666667075,W,50.67,30,30,GP2; GP3; GP4; GP17; GP19; GP21; GP25; GP26; GP28; GP31; GP32; GL72; GL73; GL74; GL80; GL86; GL87; GL88; GA10; GA11; GA12; GA27; GA29; GA30; GA33; GB14; GB24; GB40; GB41; GB42,36.80 dB
2024-09-13,14:02:51,49.18924770000000279,N,-122.84532434999999850,W,51.33,28,28,GP2; GP3; GP4; GP21; GP25; GP26; GP28; GP31; GP32; GL72; GL73; GL74; GL80; GL86; GL87; GL88; GA10; GA11; GA12; GA19; GA27; GA29; GA30; GA33; GB14; GB24; GB41; GB42,37.00 dB
2024-09-13,14:02:52,49.18937809999999899,N,-122.84532099999999843,W,51.31,28,28,GP2; GP3; GP4; GP21; GP25; GP26; GP28; GP31; GP32; GL72; GL73; GL74; GL80; GL86; GL87; GL88; GA10; GA11; GA12; GA19; GA27; GA29; GA30; GA33; GB14; GB24; GB41; GB42,35.96 dB
2024-09-13,14:02:53,49.18950733333333147,N,-122.84531851666666569,W,50.75,29,29,GP2; GP3; GP4; GP21; GP25; GP26; GP28; GP31; GP32; GL72; GL73; GL74; GL80; GL86; GL87; GL88; GA10; GA11; GA12; GA19; GA27; GA29; GA30; GA33; GB14; GB24; GB40; GB41; GB42,35.79 dB
2024-09-13,14:02:54,49.18963448333333588,N,-122.84531783333333976,W,49.84,28,28,GP2; GP3; GP4; GP21; GP25; GP26; GP28; GP31; GP32; GL72; GL73; GL74; GL80; GL86; GL87; GL88; GA10; GA11; GA12; GA19; GA27; GA29; GA30; GA33; GB14; GB24; GB41; GB42,35.93 dB
2024-09-13,14:02:55,49.18976070000000078,N,-122.84531674999999495,W,49.68,30,30,GP2; GP3; GP4; GP17; GP21; GP25; GP26; GP28; GP31; GP32; GL72; GL73; GL74; GL80; GL86; GL87; GL88; GA10; GA11; GA12; GA19; GA27; GA29; GA30; GA33; GB14; GB24; GB40; GB41; GB42,35.37 dB
2024-09-13,14:02:56,49.18988768333333184,N,-122.84531516666666562,W,49.21,29,29,GP2; GP3; GP4; GP21; GP25; GP26; GP28; GP31; GP32; GL72; GL73; GL74; GL80; GL86; GL87; GL88; GA10; GA11; GA12; GA19; GA27; GA29; GA30; GA33; GB14; GB24; GB40; GB41; GB42,37.10 dB
2024-09-13,14:02:57,49.19001219999999819,N,-122.84531296666666833,W,47.86,30,30,GP2; GP3; GP4; GP17; GP21; GP25; GP26; GP28; GP31; GP32; GL72; GL73; GL74; GL80; GL86; GL87; GL88; GA10; GA11; GA12; GA19; GA27; GA29; GA30; GA33; GB14; GB24; GB40; GB41; GB42,36.93 dB
2024-09-13,14:02:58,49.19013443333333413,N,-122.84531058333332965,W,46.50,29,29,GP2; GP3; GP4; GP21; GP25; GP26; GP28; GP31; GP32; GL72; GL73; GL74; GL80; GL86; GL87; GL88; GA10; GA11; GA12; GA19; GA27; GA29; GA30; GA33; GB14; GB24; GB40; GB41; GB42,37.00 dB
2024-09-13,14:02:59,49.19025260000000088,N,-122.84530945000000202,W,45.04,29,29,GP2; GP3; GP4; GP21; GP25; GP26; GP28; GP31; GP32; GL72; GL73; GL74; GL80; GL86; GL87; GL88; GA10; GA11; GA12; GA19; GA27; GA29; GA30; GA33; GB14; GB24; GB40; GB41; GB42,37.07 dB
2024-09-13,14:03:00,49.19036644999999908,N,-122.84530861666667079,W,43.01,29,29,GP2; GP3; GP4; GP17; GP21; GP25; GP26; GP28; GP31; GP32; GL72; GL73; GL74; GL80; GL86; GL87; GL88; GA10; GA11; GA12; GA19; GA27; GA29; GA30; GA33; GB14; GB24; GB41; GB42,37.21 dB
2024-09-13,14:03:01,49.19047263333333575,N,-122.84531691666666120,W,39.74,28,28,GP2; GP3; GP4; GP21; GP25; GP26; GP28; GP31; GP32; GL72; GL73; GL74; GL80; GL86; GL87; GL88; GA10; GA11; GA12; GA19; GA27; GA29; GA30; GA33; GB14; GB24; GB41; GB42,37.93 dB
2024-09-13,14:03:02,49.19056976666666969,N,-122.84533216666666533,W,36.42,29,29,GP2; GP3; GP4; GP21; GP25; GP26; GP28; GP31; GP32; GL72; GL73; GL74; GL80; GL86; GL87; GL88; GA10; GA11; GA12; GA19; GA27; GA29; GA30; GA33; GB14; GB24; GB40; GB41; GB42,37.93 dB
2024-09-13,14:03:03,49.19066153333333347,N,-122.84534406666666939,W,34.41,29,29,GP2; GP3; GP4; GP21; GP25; GP26; GP28; GP31; GP32; GL72; GL73; GL74; GL80; GL86; GL87; GL88; GA10; GA11; GA12; GA19; GA27; GA29; GA30; GA33; GB14; GB24; GB40; GB41; GB42,38.52 dB
2024-09-13,14:03:04,49.19074903333333282,N,-122.84534988333332706,W,32.48,29,29,GP2; GP3; GP4; GP21; GP25; GP26; GP28; GP31; GP32; GL72; GL73; GL74; GL80; GL86; GL87; GL88; GA10; GA11; GA12; GA19; GA27; GA29; GA30; GA33; GB14; GB24; GB40; GB41; GB42,38.62 dB
2024-09-13,14:03:05,49.19083073333333544,N,-122.84535185000000013,W,29.73,29,29,GP2; GP3; GP4; GP21; GP25; GP26; GP28; GP31; GP32; GL72; GL73; GL74; GL80; GL86; GL87; GL88; GA10; GA11; GA12; GA19; GA27; GA29; GA30; GA33; GB14; GB24; GB40; GB41; GB42,38.48 dB
2024-09-13,14:03:06,49.19090401666666423,N,-122.84535163333333685,W,25.71,29,29,GP2; GP3; GP4; GP21; GP25; GP26; GP28; GP31; GP32; GL72; GL73; GL74; GL80; GL86; GL87; GL88; GA10; GA11; GA12; GA19; GA27; GA29; GA30; GA33; GB14; GB24; GB40; GB41; GB42,38.28 dB
2024-09-13,14:03:07,49.19096488333333639,N,-122.84535003333333236,W,19.54,29,29,GP2; GP3; GP4; GP21; GP25; GP26; GP28; GP31; GP32; GL72; GL73; GL74; GL80; GL86; GL87; GL88; GA10; GA11; GA12; GA19; GA27; GA29; GA30; GA33; GB14; GB24; GB40; GB41; GB42,37.66 dB
2024-09-13,14:03:08,49.19100886666666383,N,-122.84534870000000240,W,12.93,29,29,GP2; GP3; GP4; GP21; GP25; GP26; GP28; GP31; GP32; GL72; GL73; GL74; GL80; GL86; GL87; GL88; GA10; GA11; GA12; GA19; GA27; GA29; GA30; GA33; GB14; GB24; GB40; GB41; GB42,37.55 dB
2024-09-13,14:03:09,49.19103534999999994,N,-122.84534675000000448,W,6.53,29,29,GP2; GP3; GP4; GP19; GP21; GP25; GP26; GP28; GP31; GP32; GL72; GL73; GL74; GL80; GL86; GL87; GL88; GA10; GA11; GA12; GA27; GA29; GA30; GA33; GB14; GB24; GB40; GB41; GB42,37.31 dB
2024-09-13,14:03:10,49.19104956666666340,N,-122.84534556666666560,W,2.27,29,29,GP2; GP3; GP4; GP19; GP21; GP25; GP26; GP28; GP31; GP32; GL72; GL73; GL74; GL80; GL86; GL87; GL88; GA10; GA11; GA12; GA27; GA29; GA30; GA33; GB14; GB24; GB40; GB41; GB42,37.14 dB
2024-09-13,14:03:11,49.19105231666666356,N,-122.84534768333332977,W,1.01,29,29,GP2; GP3; GP4; GP19; GP21; GP25; GP26; GP28; GP31; GP32; GL72; GL73; GL74; GL80; GL86; GL87; GL88; GA10; GA11; GA12; GA27; GA29; GA30; GA33; GB14; GB24; GB40; GB41; GB42,38.14 dB
2024-09-13,14:03:12,49.19105280000000135,N,-122.84534859999999412,W,1.00,29,29,GP2; GP3; GP4; GP21; GP25; GP26; GP28; GP31; GP32; GL72; GL73; GL74; GL80; GL86; GL87; GL88; GA10; GA11; GA12; GA19; GA27; GA29; GA30; GA33; GB14; GB24; GB40; GB41; GB42,38.59 dB
2024-09-13,14:03:13,49.19105249999999785,N,-122.84534804999999835,W,1.14,29,29,GP2; GP3; GP19; GP21; GP25; GP26; GP28; GP31; GP32; GP4; GL72; GL73; GL74; GL80; GL86; GL87; GL88; GA10; GA11; GA12; GA27; GA29; GA30; GA33; GB14; GB24; GB41; GB42; GB40,38.76 dB
2024-09-13,14:03:14,49.19105218333333340,N,-122.84534578333332888,W,1.37,29,29,GP2; GP3; GP19; GP21; GP25; GP26; GP28; GP31; GP32; GP4; GL72; GL73; GL74; GL80; GL86; GL87; GL88; GA10; GA11; GA12; GA27; GA29; GA30; GA33; GB14; GB24; GB41; GB42; GB40,38.72 dB
2024-09-13,14:03:15,49.19105230000000262,N,-122.84534761666667180,W,0.00,29,29,GP2; GP3; GP19; GP21; GP25; GP26; GP28; GP31; GP32; GP4; GL72; GL73; GL74; GL80; GL86; GL87; GL88; GA10; GA11; GA12; GA27; GA29; GA30; GA33; GB14; GB24; GB41; GB42; GB40,38.48 dB
2024-09-13,14:03:16,49.19105223333333043,N,-122.84534746666666649,W,0.13,29,29,GP2; GP3; GP4; GP19; GP21; GP25; GP26; GP28; GP31; GP32; GL72; GL73; GL74; GL80; GL86; GL87; GL88; GA10; GA11; GA12; GA27; GA29; GA30; GA33; GB14; GB24; GB41; GB42; GB40,38.62 dB
2024-09-13,14:03:17,49.19105211666666833,N,-122.84534720000000618,W,0.14,30,30,GP2; GP3; GP4; GP17; GP19; GP21; GP25; GP26; GP28; GP31; GP32; GL72; GL73; GL74; GL80; GL86; GL87; GL88; GA10; GA11; GA12; GA27; GA29; GA30; GA33; GB14; GB24; GB41; GB42; GB40,38.10 dB
2024-09-13,14:03:18,49.19105206666666419,N,-122.84534711666667306,W,0.09,30,30,GP2; GP3; GP17; GP19; GP21; GP25; GP26; GP28; GP31; GP32; GP4; GL72; GL73; GL74; GL80; GL86; GL87; GL88; GA10; GA11; GA12; GA27; GA29; GA30; GA33; GB14; GB24; GB41; GB42; GB40,38.23 dB
2024-09-13,14:03:19,49.19105208333333223,N,-122.84534720000000618,W,0.05,30,30,GP2; GP3; GP17; GP19; GP21; GP25; GP26; GP28; GP31; GP32; GP4; GL72; GL73; GL74; GL80; GL86; GL87; GL88; GA10; GA11; GA12; GA27; GA29; GA30; GA33; GB14; GB24; GB41; GB42; GB40,38.00 dB
2024-09-13,14:03:20,49.19105214999999731,N,-122.84534728333333931,W,0.02,30,30,GP2; GP3; GP17; GP19; GP21; GP25; GP26; GP28; GP31; GP32; GP4; GL72; GL73; GL74; GL80; GL86; GL87; GL88; GA10; GA11; GA12; GA27; GA29; GA30; GA33; GB14; GB24; GB41; GB42; GB40,38.00 dB
2024-09-13,14:03:21,49.19105220000000145,N,-122.84534739999999431,W,0.01,30,30,GP2; GP3; GP4; GP17; GP19; GP21; GP25; GP26; GP28; GP31; GP32; GL72; GL73; GL74; GL80; GL86; GL87; GL88; GA10; GA11; GA12; GA27; GA29; GA30; GA33; GB14; GB24; GB41; GB42; GB40,38.33 dB
2024-09-13,14:03:22,49.19105223333333043,N,-122.84534748333332743,W,0.01,30,30,GP2; GP3; GP17; GP19; GP21; GP25; GP26; GP28; GP31; GP32; GP4; GL72; GL73; GL74; GL80; GL86; GL87; GL88; GA10; GA11; GA12; GA27; GA29; GA30; GA33; GB14; GB24; GB41; GB42; GB40,38.07 dB
2024-09-13,14:03:23,49.19105224999999848,N,-122.84534754999999961,W,0.01,30,30,GP2; GP3; GP4; GP17; GP19; GP21; GP25; GP26; GP28; GP31; GP32; GL72; GL73; GL74; GL80; GL86; GL87; GL88; GA10; GA11; GA12; GA27; GA29; GA30; GA33; GB14; GB24; GB41; GB42; GB40,37.83 dB
2024-09-13,14:03:24,49.19105228333333457,N,-122.84534759999999665,W,0.01,30,30,GP2; GP3; GP4; GP17; GP19; GP21; GP25; GP26; GP28; GP31; GP32; GL72; GL73; GL74; GL80; GL86; GL87; GL88; GA10; GA11; GA12; GA27; GA29; GA30; GA33; GB14; GB24; GB41; GB42; GB40,37.87 dB
2024-09-13,14:03:25,49.19105230000000262,N,-122.84534763333333274,W,0.01,30,30,GP2; GP3; GP4; GP17; GP21; GP25; GP26; GP28; GP31; GP32; GL72; GL73; GL74; GL80; GL86; GL87; GL88; GA10; GA11; GA12; GA19; GA27; GA29; GA30; GA33; GB14; GB24; GB41; GB42; GB40,37.77 dB
2024-09-13,14:03:26,49.19105230000000262,N,-122.84534764999999368,W,0.01,30,30,GP2; GP3; GP17; GP19; GP21; GP25; GP26; GP28; GP31; GP32; GP4; GL72; GL73; GL74; GL80; GL86; GL87; GL88; GA10; GA11; GA12; GA27; GA29; GA30; GA33; GB14; GB24; GB41; GB42; GB40,37.63 dB
2024-09-13,14:03:27,49.19105230000000262,N,-122.84534764999999368,W,0.01,30,30,GP2; GP3; GP4; GP17; GP21; GP25; GP26; GP28; GP31; GP32; GL72; GL73; GL74; GL80; GL86; GL87; GL88; GA10; GA11; GA12; GA19; GA27; GA29; GA30; GA33; GB14; GB24; GB41; GB42; GB40,37.60 dB
2024-09-13,14:03:28,49.19105230000000262,N,-122.84534764999999368,W,0.01,30,30,GP2; GP3; GP17; GP21; GP25; GP26; GP28; GP31; GP32; GP4; GL72; GL73; GL74; GL80; GL86; GL87; GL88; GA10; GA11; GA12; GA19; GA27; GA29; GA30; GA33; GB14; GB24; GB41; GB42; GB40,37.57 dB
2024-09-13,14:03:29,49.19105231666666356,N,-122.84534764999999368,W,0.01,30,30,GP2; GP3; GP17; GP21; GP25; GP26; GP28; GP31; GP32; GP4; GL72; GL73; GL74; GL80; GL86; GL87; GL88; GA10; GA11; GA12; GA19; GA27; GA29; GA30; GA33; GB14; GB24; GB41; GB42; GB40,37.97 dB
2024-09-13,14:03:30,49.19105231666666356,N,-122.84534766666666883,W,0.01,30,30,GP2; GP3; GP17; GP21; GP25; GP26; GP28; GP31; GP32; GP4; GL72; GL73; GL74; GL80; GL86; GL87; GL88; GA10; GA11; GA12; GA19; GA27; GA29; GA30; GA33; GB14; GB24; GB41; GB42; GB40,37.90 dB
2024-09-13,14:03:31,49.19105231666666356,N,-122.84534768333332977,W,0.01,30,30,GP2; GP3; GP4; GP17; GP21; GP25; GP26; GP28; GP31; GP32; GL72; GL73; GL74; GL80; GL86; GL87; GL88; GA10; GA11; GA12; GA19; GA27; GA29; GA30; GA33; GB14; GB24; GB41; GB42; GB40,37.77 dB
2024-09-13,14:03:32,49.19105231666666356,N,-122.84534768333332977,W,0.01,30,30,GP2; GP3; GP4; GP17; GP21; GP25; GP26; GP28; GP31; GP32; GL72; GL73; GL74; GL80; GL86; GL87; GL88; GA10; GA11; GA12; GA19; GA27; GA29; GA30; GA33; GB14; GB24; GB41; GB42; GB40,37.77 dB
2024-09-13,14:03:33,49.19105231666666356,N,-122.84534770000000492,W,0.01,30,30,GP2; GP3; GP4; GP17; GP21; GP25; GP26; GP28; GP31; GP32; GL72; GL73; GL74; GL80; GL86; GL87; GL88; GA10; GA11; GA12; GA19; GA27; GA29; GA30; GA33; GB14; GB24; GB41; GB42; GB40,37.93 dB
2024-09-13,14:03:34,49.19105236666666769,N,-122.84534771666666586,W,0.20,30,30,GP2; GP3; GP4; GP17; GP21; GP25; GP26; GP28; GP31; GP32; GL72; GL73; GL74; GL80; GL86; GL87; GL88; GA10; GA11; GA12; GA19; GA27; GA29; GA30; GA33; GB14; GB24; GB41; GB42; GB40,37.70 dB
2024-09-13,14:03:35,49.19105390000000000,N,-122.84534826666666163,W,1.54,30,30,GP2; GP3; GP4; GP17; GP19; GP21; GP25; GP26; GP28; GP31; GP32; GL72; GL73; GL74; GL80; GL86; GL87; GL88; GA10; GA11; GA12; GA27; GA29; GA30; GA33; GB14; GB24; GB41; GB42; GB40,37.47 dB
2024-09-13,14:03:36,49.19106731666666832,N,-122.84534619999999450,W,9.19,30,30,GP2; GP3; GP4; GP17; GP19; GP21; GP25; GP26; GP28; GP31; GP32; GL72; GL73; GL74; GL80; GL86; GL87; GL88; GA10; GA11; GA12; GA27; GA29; GA30; GA33; GB14; GB24; GB41; GB42; GB40,37.37 dB
2024-09-13,14:03:37,49.19109964999999818,N,-122.84534006666666528,W,16.00,32,32,GP2; GP3; GP4; GP17; GP19; GP21; GP25; GP26; GP28; GP31; GP32; GL70; GL71; GL72; GL73; GL74; GL80; GL86; GL87; GL88; GA10; GA11; GA12; GA27; GA29; GA30; GA33; GB14; GB24; GB41; GB42; GB40,36.72 dB
2024-09-13,14:03:38,49.19114805000000246,N,-122.84533054999999990,W,21.83,31,31,GP2; GP3; GP4; GP19; GP21; GP25; GP26; GP28; GP31; GP32; GL70; GL71; GL72; GL73; GL74; GL80; GL86; GL87; GL88; GA10; GA11; GA12; GA27; GA29; GA30; GA33; GB14; GB24; GB41; GB42; GB40,37.16 dB
2024-09-13,14:03:39,49.19120398333333100,N,-122.84532023333333939,W,21.85,31,31,GP2; GP3; GP4; GP19; GP21; GP25; GP26; GP28; GP31; GP32; GL70; GL71; GL72; GL73; GL74; GL80; GL86; GL87; GL88; GA10; GA11; GA12; GA27; GA29; GA30; GA33; GB14; GB24; GB41; GB42; GB40,37.10 dB
2024-09-13,14:03:40,49.19125675000000086,N,-122.84531433333333439,W,18.15,31,31,GP2; GP3; GP4; GP19; GP21; GP25; GP26; GP28; GP31; GP32; GL70; GL71; GL72; GL73; GL74; GL80; GL86; GL87; GL88; GA10; GA11; GA12; GA27; GA29; GA30; GA33; GB14; GB24; GB41; GB42; GB40,37.00 dB
2024-09-13,14:03:41,49.19129999999999825,N,-122.84531040000000246,W,13.78,31,31,GP2; GP3; GP19; GP21; GP25; GP26; GP28; GP31; GP32; GP4; GL70; GL71; GL72; GL73; GL74; GL80; GL86; GL87; GL88; GA10; GA11; GA12; GA27; GA29; GA30; GA33; GB14; GB24; GB40; GB41; GB42,37.06 dB
2024-09-13,14:03:42,49.19132961666666404,N,-122.84530934999999374,W,7.85,31,31,GP2; GP3; GP4; GP19; GP21; GP25; GP26; GP28; GP31; GP32; GL70; GL71; GL72; GL73; GL74; GL80; GL86; GL87; GL88; GA10; GA11; GA12; GA27; GA29; GA30; GA33; GB14; GB24; GB40; GB41; GB42,37.42 dB
2024-09-13,14:03:43,49.19134721666666366,N,-122.84531078333333198,W,3.52,31,31,GP2; GP3; GP4; GP19; GP21; GP25; GP26; GP28; GP31; GP32; GL70; GL71; GL72; GL73; GL74; GL80; GL86; GL87; GL88; GA10; GA11; GA12; GA27; GA29; GA30; GA33; GB14; GB24; GB40; GB41; GB42,37.77 dB
2024-09-13,14:03:44,49.19135148333333518,N,-122.84531339999999489,W,0.63,30,30,GP2; GP3; GP19; GP21; GP25; GP26; GP28; GP31; GP32; GP4; GL70; GL71; GL72; GL73; GL74; GL80; GL86; GL87; GL88; GA10; GA11; GA12; GA27; GA29; GA30; GA33; GB14; GB24; GB41; GB42,38.03 dB
2024-09-13,14:03:45,49.19135095000000035,N,-122.84531641666666246,W,0.54,30,30,GP2; GP3; GP4; GP19; GP21; GP25; GP26; GP28; GP31; GP32; GL70; GL71; GL72; GL73; GL74; GL80; GL86; GL87; GL88; GA10; GA11; GA12; GA27; GA29; GA30; GA33; GB14; GB24; GB41; GB42,38.07 dB
2024-09-13,14:03:46,49.19135083333333114,N,-122.84531941666666910,W,0.01,31,31,GP2; GP3; GP4; GP19; GP21; GP25; GP26; GP28; GP31; GP32; GL70; GL71; GL72; GL73; GL74; GL80; GL86; GL87; GL88; GA10; GA11; GA12; GA27; GA29; GA30; GA33; GB14; GB24; GB40; GB41; GB42,37.29 dB
2024-09-13,14:03:47,49.19135093333333231,N,-122.84531658333332871,W,0.01,31,31,GP2; GP3; GP19; GP21; GP25; GP26; GP28; GP31; GP32; GP4; GL70; GL71; GL72; GL73; GL74; GL80; GL86; GL87; GL88; GA10; GA11; GA12; GA27; GA29; GA30; GA33; GB14; GB24; GB40; GB41; GB42,37.35 dB
2024-09-13,14:03:48,49.19135084999999918,N,-122.84531649999999559,W,0.01,31,31,GP2; GP3; GP19; GP21; GP25; GP26; GP28; GP31; GP32; GP4; GL70; GL71; GL72; GL73; GL74; GL80; GL86; GL87; GL88; GA10; GA11; GA12; GA27; GA29; GA30; GA33; GB14; GB24; GB40; GB41; GB42,37.39 dB
2024-09-13,14:03:49,49.19135078333333411,N,-122.84531646666667370,W,0.01,31,31,GP2; GP3; GP19; GP21; GP25; GP26; GP28; GP31; GP32; GP4; GL70; GL71; GL72; GL73; GL74; GL80; GL86; GL87; GL88; GA10; GA11; GA12; GA27; GA29; GA30; GA33; GB14; GB24; GB40; GB41; GB42,37.77 dB
2024-09-13,14:03:50,49.19135078333333411,N,-122.84531644999999855,W,0.04,31,31,GP2; GP3; GP19; GP21; GP25; GP26; GP28; GP31; GP32; GP4; GL70; GL71; GL72; GL73; GL74; GL80; GL86; GL87; GL88; GA10; GA11; GA12; GA27; GA29; GA30; GA33; GB14; GB24; GB40; GB41; GB42,37.74 dB
2024-09-13,14:03:51,49.19135076666666606,N,-122.84531644999999855,W,0.03,31,31,GP2; GP3; GP19; GP21; GP25; GP26; GP28; GP31; GP32; GP4; GL70; GL71; GL72; GL73; GL74; GL80; GL86; GL87; GL88; GA10; GA11; GA12; GA27; GA29; GA30; GA33; GB14; GB24; GB40; GB41; GB42,37.55 dB
2024-09-13,14:03:52,49.19135078333333411,N,-122.84531644999999855,W,0.02,31,31,GP2; GP3; GP21; GP25; GP26; GP28; GP31; GP32; GP4; GL70; GL71; GL72; GL73; GL74; GL80; GL86; GL87; GL88; GA10; GA11; GA12; GA19; GA27; GA29; GA30; GA33; GB14; GB24; GB40; GB41; GB42,37.39 dB
2024-09-13,14:03:53,49.19135081666667020,N,-122.84531644999999855,W,0.01,31,31,GP2; GP3; GP19; GP21; GP25; GP26; GP28; GP31; GP32; GP4; GL70; GL71; GL72; GL73; GL74; GL80; GL86; GL87; GL88; GA10; GA11; GA12; GA27; GA29; GA30; GA33; GB14; GB24; GB40; GB41; GB42,37.65 dB
2024-09-13,14:03:54,49.19135084999999918,N,-122.84531644999999855,W,0.01,31,31,GP2; GP3; GP21; GP25; GP26; GP28; GP31; GP32; GP4; GL70; GL71; GL72; GL73; GL74; GL80; GL86; GL87; GL88; GA10; GA11; GA12; GA19; GA27; GA29; GA30; GA33; GB14; GB24; GB40; GB41; GB42,37.68 dB
2024-09-13,14:03:55,49.19135086666666723,N,-122.84531644999999855,W,0.01,31,31,GP2; GP3; GP19; GP21; GP25; GP26; GP28; GP31; GP32; GP4; GL70; GL71; GL72; GL73; GL74; GL80; GL86; GL87; GL88; GA10; GA11; GA12; GA27; GA29; GA30; GA33; GB14; GB24; GB40; GB41; GB42,37.48 dB
2024-09-13,14:03:56,49.19135088333333528,N,-122.84531644999999855,W,0.01,31,30,GP2; GP3; GP21; GP25; GP26; GP28; GP31; GP32; GP4; GL70; GL71; GL72; GL73; GL74; GL80; GL86; GL87; GL88; GA10; GA11; GA12; GA19; GA27; GA29; GA30; GA33; GB14; GB24; GB41; GB42,38.20 dB
2024-09-13,14:03:57,49.19135090000000332,N,-122.84531644999999855,W,0.01,31,30,GP2; GP3; GP21; GP25; GP26; GP28; GP31; GP32; GP4; GL70; GL71; GL72; GL73; GL74; GL80; GL86; GL87; GL88; GA10; GA11; GA12; GA19; GA27; GA29; GA30; GA33; GB14; GB24; GB41; GB42,38.30 dB
2024-09-13,14:03:58,49.19135090000000332,N,-122.84531644999999855,W,0.01,31,30,GP2; GP3; GP21; GP25; GP26; GP28; GP31; GP32; GP4; GL70; GL71; GL72; GL73; GL74; GL80; GL86; GL87; GL88; GA10; GA11; GA12; GA19; GA27; GA29; GA30; GA33; GB14; GB24; GB41; GB42,38.17 dB
2024-09-13,14:03:59,49.19135090000000332,N,-122.84531644999999855,W,0.01,31,30,GP2; GP3; GP21; GP25; GP26; GP28; GP31; GP32; GP4; GL70; GL71; GL72; GL73; GL74; GL80; GL86; GL87; GL88; GA10; GA11; GA12; GA19; GA27; GA29; GA30; GA33; GB14; GB24; GB41; GB42,38.13 dB
2024-09-13,14:04:00,49.19135091666666426,N,-122.84531643333333761,W,0.01,31,30,GP2; GP3; GP21; GP25; GP26; GP28; GP31; GP32; GP4; GL70; GL71; GL72; GL73; GL74; GL80; GL86; GL87; GL88; GA10; GA11; GA12; GA19; GA27; GA29; GA30; GA33; GB14; GB24; GB41; GB42,38.13 dB
2024-09-13,14:04:01,49.19135091666666426,N,-122.84531643333333761,W,0.01,31,30,GP2; GP3; GP4; GP21; GP25; GP26; GP28; GP31; GP32; GL70; GL71; GL72; GL73; GL74; GL80; GL86; GL87; GL88; GA10; GA11; GA12; GA19; GA27; GA29; GA30; GA33; GB14; GB24; GB41; GB42,38.17 dB
2024-09-13,14:04:02,49.19135091666666426,N,-122.84531644999999855,W,0.01,31,30,GP2; GP3; GP19; GP21; GP25; GP26; GP28; GP31; GP32; GP4; GL70; GL71; GL72; GL73; GL74; GL80; GL86; GL87; GL88; GA10; GA11; GA12; GA27; GA29; GA30; GA33; GB14; GB24; GB41; GB42,38.10 dB
2024-09-13,14:04:03,49.19135091666666426,N,-122.84531643333333761,W,0.01,31,30,GP2; GP3; GP4; GP19; GP21; GP25; GP26; GP28; GP31; GP32; GL70; GL71; GL72; GL73; GL74; GL80; GL86; GL87; GL88; GA10; GA11; GA12; GA27; GA29; GA30; GA33; GB14; GB24; GB41; GB42,38.30 dB
2024-09-13,14:04:04,49.19135091666666426,N,-122.84531643333333761,W,0.01,31,30,GP2; GP3; GP4; GP19; GP21; GP25; GP26; GP28; GP31; GP32; GL70; GL71; GL72; GL73; GL74; GL80; GL86; GL87; GL88; GA10; GA11; GA12; GA27; GA29; GA30; GA33; GB14; GB24; GB41; GB42,38.10 dB
2024-09-13,14:04:05,49.19135091666666426,N,-122.84531641666666246,W,0.01,31,30,GP2; GP3; GP4; GP19; GP21; GP25; GP26; GP28; GP31; GP32; GL70; GL71; GL72; GL73; GL74; GL80; GL86; GL87; GL88; GA10; GA11; GA12; GA27; GA29; GA30; GA33; GB14; GB24; GB41; GB42,38.17 dB
2024-09-13,14:04:06,49.19135093333333231,N,-122.84531641666666246,W,0.01,31,30,GP2; GP3; GP4; GP19; GP21; GP25; GP26; GP28; GP31; GP32; GL70; GL71; GL72; GL73; GL74; GL80; GL86; GL87; GL88; GA10; GA11; GA12; GA27; GA29; GA30; GA33; GB14; GB24; GB41; GB42,38.20 dB
2024-09-13,14:04:07,49.19135093333333231,N,-122.84531640000000152,W,0.01,31,30,GP2; GP3; GP19; GP21; GP25; GP26; GP28; GP31; GP32; GP4; GL70; GL71; GL72; GL73; GL74; GL80; GL86; GL87; GL88; GA10; GA11; GA12; GA27; GA29; GA30; GA33; GB14; GB24; GB41; GB42,38.07 dB
2024-09-13,14:04:08,49.19135093333333231,N,-122.84531640000000152,W,0.01,31,30,GP2; GP3; GP4; GP19; GP21; GP25; GP26; GP28; GP31; GP32; GL70; GL71; GL72; GL73; GL74; GL80; GL86; GL87; GL88; GA10; GA11; GA12; GA27; GA29; GA30; GA33; GB14; GB24; GB41; GB42,37.93 dB
2024-09-13,14:04:09,49.19135091666666426,N,-122.84531641666666246,W,0.01,31,30,GP2; GP3; GP4; GP19; GP21; GP25; GP26; GP28; GP31; GP32; GL70; GL71; GL72; GL73; GL74; GL80; GL86; GL87; GL88; GA10; GA11; GA12; GA27; GA29; GA30; GA33; GB14; GB24; GB41; GB42,38.30 dB
2024-09-13,14:04:10,49.19134940000000000,N,-122.84531950000000222,W,0.16,31,30,GP2; GP3; GP19; GP21; GP25; GP26; GP28; GP31; GP32; GP4; GL70; GL71; GL72; GL73; GL74; GL80; GL86; GL87; GL88; GA10; GA11; GA12; GA27; GA29; GA30; GA33; GB14; GB24; GB41; GB42,38.17 dB
2024-09-13,14:04:11,49.19135011666666912,N,-122.84532143333333920,W,0.01,31,30,GP2; GP3; GP19; GP21; GP25; GP26; GP28; GP31; GP32; GP4; GL70; GL71; GL72; GL73; GL74; GL80; GL86; GL87; GL88; GA10; GA11; GA12; GA27; GA29; GA30; GA33; GB14; GB24; GB41; GB42,38.17 dB
2024-09-13,14:04:12,49.19134940000000000,N,-122.84531959999999629,W,0.01,31,30,GP2; GP3; GP19; GP21; GP25; GP26; GP28; GP31; GP32; GP4; GL70; GL71; GL72; GL73; GL74; GL80; GL86; GL87; GL88; GA10; GA11; GA12; GA27; GA29; GA30; GA33; GB14; GB24; GB41; GB42,38.37 dB
2024-09-13,14:04:13,49.19134936666666391,N,-122.84531954999999925,W,0.02,31,30,GP2; GP3; GP19; GP21; GP25; GP26; GP28; GP31; GP32; GP4; GL70; GL71; GL72; GL73; GL74; GL80; GL86; GL87; GL88; GA10; GA11; GA12; GA27; GA29; GA30; GA33; GB14; GB24; GB41; GB42,38.33 dB
2024-09-13,14:04:14,49.19134935000000297,N,-122.84531951666666316,W,0.02,31,30,GP2; GP3; GP19; GP21; GP25; GP26; GP28; GP31; GP32; GP4; GL70; GL71; GL72; GL73; GL74; GL80; GL86; GL87; GL88; GA10; GA11; GA12; GA27; GA29; GA30; GA33; GB14; GB24; GB41; GB42,38.10 dB
2024-09-13,14:04:15,49.19134933333333493,N,-122.84531950000000222,W,0.02,31,30,GP2; GP3; GP19; GP21; GP25; GP26; GP28; GP31; GP32; GP4; GL70; GL71; GL72; GL73; GL74; GL80; GL86; GL87; GL88; GA10; GA11; GA12; GA27; GA29; GA30; GA33; GB14; GB24; GB41; GB42,38.30 dB
2024-09-13,14:04:16,49.19134933333333493,N,-122.84531950000000222,W,0.01,31,30,GP2; GP3; GP19; GP21; GP25; GP26; GP28; GP31; GP32; GP4; GL70; GL71; GL72; GL73; GL74; GL80; GL86; GL87; GL88; GA10; GA11; GA12; GA27; GA29; GA30; GA33; GB14; GB24; GB41; GB42,38.47 dB
2024-09-13,14:04:17,49.19134933333333493,N,-122.84531951666666316,W,0.01,30,30,GP2; GP3; GP19; GP21; GP25; GP26; GP28; GP31; GP32; GP4; GL70; GL71; GL72; GL73; GL74; GL80; GL86; GL87; GL88; GA10; GA11; GA12; GA27; GA29; GA30; GA33; GB14; GB24; GB41; GB42,38.13 dB
2024-09-13,14:04:18,49.19134935000000297,N,-122.84531951666666316,W,0.01,30,30,GP2; GP3; GP19; GP21; GP25; GP26; GP28; GP31; GP32; GP4; GL70; GL71; GL72; GL73; GL74; GL80; GL86; GL87; GL88; GA10; GA11; GA12; GA27; GA29; GA30; GA33; GB14; GB24; GB41; GB42,38.27 dB
2024-09-13,14:04:19,49.19134936666666391,N,-122.84531951666666316,W,0.01,31,30,GP2; GP3; GP19; GP21; GP25; GP26; GP28; GP31; GP32; GP4; GL70; GL71; GL72; GL73; GL74; GL80; GL86; GL87; GL88; GA10; GA11; GA12; GA27; GA29; GA30; GA33; GB14; GB24; GB41; GB42,38.03 dB
2024-09-13,14:04:20,49.19134936666666391,N,-122.84531951666666316,W,0.01,31,30,GP2; GP3; GP19; GP21; GP25; GP26; GP28; GP31; GP32; GP4; GL70; GL71; GL72; GL73; GL74; GL80; GL86; GL87; GL88; GA10; GA11; GA12; GA27; GA29; GA30; GA33; GB14; GB24; GB41; GB42,37.83 dB
2024-09-13,14:04:21,49.19134935000000297,N,-122.84531951666666316,W,0.01,32,31,GP2; GP3; GP17; GP19; GP21; GP25; GP26; GP28; GP31; GP32; GP4; GL70; GL71; GL72; GL73; GL74; GL80; GL86; GL87; GL88; GA10; GA11; GA12; GA27; GA29; GA30; GA33; GB14; GB24; GB41; GB42,37.42 dB
2024-09-13,14:04:22,49.19134936666666391,N,-122.84531951666666316,W,0.01,32,31,GP2; GP3; GP17; GP19; GP21; GP25; GP26; GP28; GP31; GP32; GP4; GL70; GL71; GL72; GL73; GL74; GL80; GL86; GL87; GL88; GA10; GA11; GA12; GA27; GA29; GA30; GA33; GB14; GB24; GB41; GB42,37.58 dB
2024-09-13,14:04:23,49.19134936666666391,N,-122.84531951666666316,W,0.01,31,30,GP2; GP3; GP19; GP21; GP25; GP26; GP28; GP31; GP32; GP4; GL70; GL71; GL72; GL73; GL74; GL80; GL86; GL87; GL88; GA10; GA11; GA12; GA27; GA29; GA30; GA33; GB14; GB24; GB41; GB42,38.37 dB
2024-09-13,14:04:24,49.19134936666666391,N,-122.84531950000000222,W,0.01,31,30,GP2; GP3; GP4; GP19; GP21; GP25; GP26; GP28; GP31; GP32; GL70; GL71; GL72; GL73; GL74; GL80; GL86; GL87; GL88; GA10; GA11; GA12; GA27; GA29; GA30; GA33; GB14; GB24; GB41; GB42,38.03 dB
2024-09-13,14:04:25,49.19134936666666391,N,-122.84531948333332707,W,0.01,30,30,GP2; GP3; GP4; GP19; GP21; GP25; GP26; GP28; GP31; GP32; GL70; GL71; GL72; GL73; GL74; GL80; GL86; GL87; GL88; GA10; GA11; GA12; GA27; GA29; GA30; GA33; GB14; GB24; GB41; GB42,38.30 dB
2024-09-13,14:04:26,49.19134936666666391,N,-122.84531946666666613,W,0.01,30,30,GP2; GP3; GP4; GP19; GP21; GP25; GP26; GP28; GP31; GP32; GL70; GL71; GL72; GL73; GL74; GL80; GL86; GL87; GL88; GA10; GA11; GA12; GA27; GA29; GA30; GA33; GB14; GB24; GB41; GB42,38.23 dB
2024-09-13,14:04:27,49.19134936666666391,N,-122.84531946666666613,W,0.01,31,31,GP2; GP3; GP4; GP17; GP19; GP21; GP25; GP26; GP28; GP31; GP32; GL70; GL71; GL72; GL73; GL74; GL80; GL86; GL87; GL88; GA10; GA11; GA12; GA27; GA29; GA30; GA33; GB14; GB24; GB41; GB42,37.32 dB
2024-09-13,14:04:28,49.19134936666666391,N,-122.84531945000000519,W,0.01,31,31,GP2; GP3; GP4; GP17; GP19; GP21; GP25; GP26; GP28; GP31; GP32; GL70; GL71; GL72; GL73; GL74; GL80; GL86; GL87; GL88; GA10; GA11; GA12; GA27; GA29; GA30; GA33; GB14; GB24; GB41; GB42,37.32 dB
2024-09-13,14:04:30,49.19134936666666391,N,-122.84531945000000519,W,0.01,31,31,GP2; GP3; GP17; GP19; GP21; GP25; GP26; GP28; GP31; GP32; GP4; GL70; GL71; GL72; GL73; GL74; GL80; GL86; GL87; GL88; GA10; GA11; GA12; GA27; GA29; GA30; GA33; GB14; GB24; GB41; GB42,37.03 dB
2024-09-13,14:04:30,49.19134936666666391,N,-122.84531945000000519,W,0.01,30,30,GP2; GP3; GP4; GP19; GP21; GP25; GP26; GP28; GP31; GP32; GL70; GL71; GL72; GL73; GL74; GL80; GL86; GL87; GL88; GA10; GA11; GA12; GA27; GA29; GA30; GA33; GB14; GB24; GB41; GB42,38.50 dB
2024-09-13,14:04:31,49.19134936666666391,N,-122.84531945000000519,W,0.01,31,31,GP2; GP3; GP4; GP17; GP19; GP21; GP25; GP26; GP28; GP31; GP32; GL70; GL71; GL72; GL73; GL74; GL80; GL86; GL87; GL88; GA10; GA11; GA12; GA27; GA29; GA30; GA33; GB14; GB24; GB41; GB42,37.29 dB
